<?xml version="1.0" encoding="UTF-8"?>
<games>
	<igra>
		<ime>"Wolfenstein 3D"</ime>
		<dev>"id Software"</dev>
		<godina>1992</godina>
	</igra>
	
	<igra>
		<ime>"Return to Castle Wolfenstein"</ime>
		<dev>"id Software"</dev>
		<godina>2001</godina>
	</igra>
	
	<igra>
		<ime>"Wolfenstein (2009)"</ime>
		<dev>"Raven Software"</dev>
		<godina>2009</godina>
	</igra>
	
	<igra>
		<ime>"Wolfenstein: The New Order"</ime>
		<dev>"Machine Games"</dev>
		<godina>2014</godina>
	</igra>
	
	<igra>
		<ime>"Wolfenstein: The Old Blood"</ime>
		<dev>"Machine Games"</dev>
		<godina>2015</godina>
	</igra>
	
	<igra>
		<ime>"Wolfenstein 2: The New Colossus"</ime>
		<dev>"Machine Games"</dev>
		<godina>2017</godina>
	</igra>
	
	<igra>
		<ime>"Wolfenstein: Youngblood"</ime>
		<dev>"Machine Games"</dev>
		<godina>2019</godina>
	</igra>
</games>